date,transactions,oil-price,holiday-type
2013-01-01,770,93.14,Holiday
2013-01-02,93215,93.14,Normal
2013-01-03,78504,92.97,Normal
2013-01-04,78494,93.12,Normal
2013-01-05,93573,93.2,Work Day
2013-01-06,90464,93.2,Normal
2013-01-07,75597,93.2,Normal
2013-01-08,72325,93.21,Normal
2013-01-09,71971,93.08,Normal
2013-01-10,66383,93.81,Normal
2013-01-11,70338,93.6,Normal
2013-01-12,85511,94.27,Work Day
2013-01-13,86306,94.27,Normal
2013-01-14,70078,94.27,Normal
2013-01-15,71134,93.26,Normal
2013-01-16,72471,94.28,Normal
2013-01-17,68873,95.49,Normal
2013-01-18,71371,95.61,Normal
2013-01-19,88558,96.09,Normal
2013-01-20,85281,96.09,Normal
2013-01-21,73250,96.09,Normal
2013-01-22,68988,96.09,Normal
2013-01-23,69819,95.06,Normal
2013-01-24,63705,95.35,Normal
2013-01-25,71273,95.15,Normal
2013-01-26,88022,95.95,Normal
2013-01-27,83304,95.95,Normal
2013-01-28,70389,95.95,Normal
2013-01-29,68435,97.62,Normal
2013-01-30,70888,97.98,Normal
2013-01-31,70268,97.65,Normal
2013-02-01,78302,97.46,Normal
2013-02-02,97347,96.21,Normal
2013-02-03,87026,96.21,Normal
2013-02-04,75330,96.21,Normal
2013-02-05,76206,96.68,Normal
2013-02-06,75291,96.44,Normal
2013-02-07,72789,95.84,Normal
2013-02-08,79726,95.71,Normal
2013-02-09,90342,97.01,Normal
2013-02-10,69963,97.01,Normal
2013-02-11,67222,97.01,Holiday
2013-02-12,71808,97.48,Holiday
2013-02-13,80098,97.03,Normal
2013-02-14,88681,97.3,Normal
2013-02-15,75789,95.95,Normal
2013-02-16,92816,96.69,Normal
2013-02-17,77449,96.69,Normal
2013-02-18,76437,96.69,Normal
2013-02-19,70645,96.69,Normal
2013-02-20,73812,94.92,Normal
2013-02-21,68246,92.79,Normal
2013-02-22,70914,93.12,Normal
2013-02-23,88390,92.74,Normal
2013-02-24,84125,92.74,Normal
2013-02-25,72167,92.74,Normal
2013-02-26,68706,92.63,Normal
2013-02-27,70170,92.84,Normal
2013-02-28,69818,92.03,Normal
2013-03-01,79524,90.71,Normal
2013-03-02,98616,90.13,Holiday
2013-03-03,92716,90.13,Normal
2013-03-04,79078,90.13,Normal
2013-03-05,75134,90.88,Normal
2013-03-06,76519,90.47,Normal
2013-03-07,73910,91.53,Normal
2013-03-08,78231,92.01,Normal
2013-03-09,92462,92.07,Normal
2013-03-10,86322,92.07,Normal
2013-03-11,75161,92.07,Normal
2013-03-12,69346,92.44,Normal
2013-03-13,72010,92.47,Normal
2013-03-14,67393,93.03,Normal
2013-03-15,75533,93.49,Normal
2013-03-16,91900,93.71,Normal
2013-03-17,89346,93.71,Normal
2013-03-18,74418,93.71,Normal
2013-03-19,71841,92.44,Normal
2013-03-20,74145,93.21,Normal
2013-03-21,69157,92.46,Normal
2013-03-22,71990,93.41,Normal
2013-03-23,91923,94.55,Normal
2013-03-24,83439,94.55,Normal
2013-03-25,72992,94.55,Normal
2013-03-26,68469,95.99,Normal
2013-03-27,74049,96.53,Normal
2013-03-28,82104,97.24,Normal
2013-03-29,77781,97.1,Normal
2013-03-30,90611,97.1,Normal
2013-03-31,82563,97.1,Normal
2013-04-01,81678,97.1,Holiday
2013-04-02,77165,97.23,Normal
2013-04-03,78534,95.02,Normal
2013-04-04,72217,93.26,Normal
2013-04-05,74928,92.76,Normal
2013-04-06,94844,93.36,Normal
2013-04-07,89183,93.36,Normal
2013-04-08,75161,93.36,Normal
2013-04-09,71416,94.18,Normal
2013-04-10,73989,94.59,Normal
2013-04-11,71907,93.44,Normal
2013-04-12,75403,91.23,Holiday
2013-04-13,92166,88.75,Normal
2013-04-14,86803,88.75,Holiday
2013-04-15,76251,88.75,Normal
2013-04-16,74187,88.73,Normal
2013-04-17,74529,86.65,Normal
2013-04-18,68343,87.83,Normal
2013-04-19,73119,88.04,Normal
2013-04-20,92014,88.81,Normal
2013-04-21,87401,88.81,Holiday
2013-04-22,75157,88.81,Normal
2013-04-23,71657,89.21,Normal
2013-04-24,73003,91.07,Normal
2013-04-25,68917,93.27,Normal
2013-04-26,72813,92.63,Normal
2013-04-27,89825,94.09,Normal
2013-04-28,86773,94.09,Normal
2013-04-29,72009,94.09,Holiday
2013-04-30,73513,93.22,Normal
2013-05-01,90548,90.74,Holiday
2013-05-02,73639,93.7,Normal
2013-05-03,76685,95.25,Normal
2013-05-04,96689,95.8,Normal
2013-05-05,95212,95.8,Normal
2013-05-06,76383,95.8,Normal
2013-05-07,72563,95.28,Normal
2013-05-08,74802,96.24,Normal
2013-05-09,75025,96.09,Normal
2013-05-10,80282,95.81,Normal
2013-05-11,111484,94.76,Additional
2013-05-12,89790,94.76,Holiday
2013-05-12,89790,94.76,Event
2013-05-13,75625,94.76,Normal
2013-05-14,71589,93.96,Normal
2013-05-15,74401,93.95,Normal
2013-05-16,71287,94.85,Normal
2013-05-17,74705,95.72,Normal
2013-05-18,91973,96.29,Normal
2013-05-19,89031,96.29,Normal
2013-05-20,74613,96.29,Normal
2013-05-21,70601,95.55,Normal
2013-05-22,71763,93.98,Normal
2013-05-23,70843,94.12,Normal
2013-05-24,78945,93.84,Holiday
2013-05-25,85230,94.65,Normal
2013-05-26,81869,94.65,Normal
2013-05-27,72144,94.65,Normal
2013-05-28,71801,94.65,Normal
2013-05-29,73970,93.13,Normal
2013-05-30,77052,93.57,Normal
2013-05-31,76921,91.93,Normal
2013-06-01,101740,93.41,Normal
2013-06-02,98018,93.41,Normal
2013-06-03,80648,93.41,Normal
2013-06-04,76213,93.36,Normal
2013-06-05,77605,93.66,Normal
2013-06-06,72282,94.71,Normal
2013-06-07,79014,96.11,Normal
2013-06-08,89783,95.82,Normal
2013-06-09,89751,95.82,Normal
2013-06-10,74546,95.82,Normal
2013-06-11,68636,95.5,Normal
2013-06-12,73386,95.98,Normal
2013-06-13,69703,96.66,Normal
2013-06-14,76434,97.83,Normal
2013-06-15,102541,97.86,Normal
2013-06-16,87839,97.86,Normal
2013-06-17,76236,97.86,Normal
2013-06-18,73179,98.46,Normal
2013-06-19,68613,98.24,Normal
2013-06-20,69984,94.89,Normal
2013-06-21,73717,93.81,Normal
2013-06-22,88681,95.07,Normal
2013-06-23,86152,95.07,Holiday
2013-06-24,73403,95.07,Normal
2013-06-25,70549,95.25,Holiday
2013-06-25,70549,95.25,Holiday
2013-06-25,70549,95.25,Holiday
2013-06-26,71009,95.47,Normal
2013-06-27,67340,97.0,Normal
2013-06-28,74172,96.36,Normal
2013-06-29,93531,97.94,Normal
2013-06-30,87501,97.94,Normal
2013-07-01,81850,97.94,Normal
2013-07-02,79187,99.65,Normal
2013-07-03,78437,101.92,Holiday
2013-07-03,78437,101.92,Holiday
2013-07-04,75664,103.09,Normal
2013-07-05,77710,103.09,Normal
2013-07-06,92132,103.03,Normal
2013-07-07,87219,103.03,Normal
2013-07-08,77464,103.03,Normal
2013-07-09,73041,103.46,Normal
2013-07-10,73319,106.41,Normal
2013-07-11,68662,104.77,Normal
2013-07-12,73261,105.85,Normal
2013-07-13,88063,106.2,Normal
2013-07-14,81622,106.2,Normal
2013-07-15,76717,106.2,Normal
2013-07-16,75755,105.88,Normal
2013-07-17,73859,106.39,Normal
2013-07-18,69399,107.94,Normal
2013-07-19,73231,108.0,Normal
2013-07-20,87653,106.61,Normal
2013-07-21,80799,106.61,Normal
2013-07-22,75771,106.61,Normal
2013-07-23,73650,107.13,Holiday
2013-07-24,72876,105.41,Additional
2013-07-25,70760,105.47,Holiday
2013-07-26,74270,104.76,Normal
2013-07-27,86632,104.61,Normal
2013-07-28,79729,104.61,Normal
2013-07-29,72911,104.61,Normal
2013-07-30,72512,103.14,Normal
2013-07-31,77813,105.1,Normal
2013-08-01,78740,107.93,Normal
2013-08-02,79127,106.94,Normal
2013-08-03,93926,106.61,Normal
2013-08-04,86805,106.61,Normal
2013-08-05,82080,106.61,Holiday
2013-08-06,77927,105.32,Normal
2013-08-07,77426,104.41,Normal
2013-08-08,72592,103.45,Normal
2013-08-09,77361,106.04,Normal
2013-08-10,85444,106.19,Holiday
2013-08-11,80268,106.19,Normal
2013-08-12,76317,106.19,Normal
2013-08-13,74660,106.78,Normal
2013-08-14,74211,106.89,Normal
2013-08-15,74220,107.43,Holiday
2013-08-16,79668,107.58,Normal
2013-08-17,88888,107.14,Normal
2013-08-18,83247,107.14,Normal
2013-08-19,77100,107.14,Normal
2013-08-20,76629,104.9,Normal
2013-08-21,76613,103.93,Normal
2013-08-22,71220,104.93,Normal
2013-08-23,75844,106.48,Normal
2013-08-24,87502,105.88,Holiday
2013-08-25,82558,105.88,Normal
2013-08-26,76173,105.88,Normal
2013-08-27,73568,109.11,Normal
2013-08-28,74979,110.17,Normal
2013-08-29,71897,108.51,Normal
2013-08-30,77749,107.98,Normal
2013-08-31,96400,108.67,Normal
2013-09-01,95871,108.67,Normal
2013-09-02,84388,108.67,Normal
2013-09-03,79834,108.67,Normal
2013-09-04,80360,107.29,Normal
2013-09-05,74704,108.5,Normal
2013-09-06,74579,110.62,Normal
2013-09-07,95846,109.62,Normal
2013-09-08,94015,109.62,Normal
2013-09-09,77169,109.62,Normal
2013-09-10,72483,107.48,Normal
2013-09-11,74287,107.65,Normal
2013-09-12,68478,108.72,Normal
2013-09-13,73019,108.31,Normal
2013-09-14,92336,106.54,Normal
2013-09-15,90410,106.54,Normal
2013-09-16,77189,106.54,Normal
2013-09-17,72907,105.36,Normal
2013-09-18,72512,108.23,Normal
2013-09-19,67209,106.26,Normal
2013-09-20,74285,104.7,Normal
2013-09-21,91544,103.62,Normal
2013-09-22,87513,103.62,Normal
2013-09-23,75213,103.62,Normal
2013-09-24,70348,103.22,Normal
2013-09-25,71613,102.68,Normal
2013-09-26,66914,103.1,Normal
2013-09-27,72409,102.86,Normal
2013-09-28,91304,102.36,Holiday
2013-09-29,87268,102.36,Normal
2013-09-30,74455,102.36,Normal
2013-10-01,80690,102.09,Normal
2013-10-02,80520,104.15,Normal
2013-10-03,73793,103.29,Normal
2013-10-04,78169,103.83,Normal
2013-10-05,97345,103.07,Normal
2013-10-06,91143,103.07,Normal
2013-10-07,77290,103.07,Holiday
2013-10-08,73728,103.54,Normal
2013-10-09,73206,101.63,Holiday
2013-10-10,71249,103.08,Normal
2013-10-11,80838,102.17,Transfer
2013-10-12,85003,102.46,Normal
2013-10-13,83357,102.46,Normal
2013-10-14,72589,102.46,Normal
2013-10-15,71021,101.15,Normal
2013-10-16,73902,102.34,Normal
2013-10-17,70806,100.72,Normal
2013-10-18,71837,100.87,Normal
2013-10-19,93205,99.28,Normal
2013-10-20,91210,99.28,Normal
2013-10-21,74337,99.28,Normal
2013-10-22,69581,97.63,Normal
2013-10-23,71321,96.9,Normal
2013-10-24,67609,96.65,Normal
2013-10-25,72010,97.4,Normal
2013-10-26,89451,98.74,Normal
2013-10-27,86852,98.74,Normal
2013-10-28,73374,98.74,Normal
2013-10-29,69205,98.29,Normal
2013-10-30,72246,96.81,Normal
2013-10-31,71553,96.29,Normal
2013-11-01,79385,94.56,Normal
2013-11-02,93949,94.58,Holiday
2013-11-03,91085,94.58,Holiday
2013-11-04,79630,94.58,Normal
2013-11-05,76352,93.4,Normal
2013-11-06,76148,94.74,Holiday
2013-11-07,70599,94.25,Holiday
2013-11-08,74646,94.56,Normal
2013-11-09,91367,95.13,Normal
2013-11-10,91689,95.13,Holiday
2013-11-11,75194,95.13,Holiday
2013-11-12,72225,93.12,Holiday
2013-11-13,71600,93.91,Normal
2013-11-14,67268,93.76,Normal
2013-11-15,74804,93.8,Normal
2013-11-16,94069,93.03,Normal
2013-11-17,90357,93.03,Normal
2013-11-18,76133,93.03,Normal
2013-11-19,71496,93.35,Normal
2013-11-20,74998,93.34,Normal
2013-11-21,69198,95.35,Normal
2013-11-22,73466,94.53,Normal
2013-11-23,91187,93.86,Normal
2013-11-24,87771,93.86,Normal
2013-11-25,73966,93.86,Normal
2013-11-26,70690,93.41,Normal
2013-11-27,71571,92.05,Normal
2013-11-28,69896,92.55,Normal
2013-11-29,74816,92.55,Normal
2013-11-30,94311,93.61,Normal
2013-12-01,96910,93.61,Normal
2013-12-02,82768,93.61,Normal
2013-12-03,79820,95.83,Normal
2013-12-04,80529,96.97,Normal
2013-12-05,77466,97.14,Additional
2013-12-06,80763,97.48,Holiday
2013-12-07,95160,97.1,Normal
2013-12-08,92142,97.1,Holiday
2013-12-09,80274,97.1,Normal
2013-12-10,79326,98.32,Normal
2013-12-11,82055,97.25,Normal
2013-12-12,80045,97.21,Normal
2013-12-13,84558,96.27,Normal
2013-12-14,101340,97.18,Normal
2013-12-15,102239,97.18,Normal
2013-12-16,92585,97.18,Normal
2013-12-17,94103,96.99,Normal
2013-12-18,102356,97.59,Normal
2013-12-19,109267,98.4,Normal
2013-12-20,106238,99.11,Normal
2013-12-21,121425,98.62,Additional
2013-12-22,118997,98.62,Additional
2013-12-22,118997,98.62,Holiday
2013-12-23,145876,98.62,Additional
2013-12-24,155846,98.87,Additional
2013-12-26,96002,99.18,Additional
2013-12-27,98330,99.94,Normal
2013-12-28,102858,98.9,Normal
2013-12-29,88729,98.9,Normal
2013-12-30,117645,98.9,Normal
2013-12-31,117214,98.17,Additional
2014-01-01,1327,95.14,Holiday
2014-01-02,90716,95.14,Normal
2014-01-03,84488,93.66,Normal
2014-01-04,101361,93.12,Normal
2014-01-05,93475,93.12,Normal
2014-01-06,77784,93.12,Normal
2014-01-07,75361,93.31,Normal
2014-01-08,77204,91.9,Normal
2014-01-09,72575,91.36,Normal
2014-01-10,75302,92.39,Normal
2014-01-11,94661,91.45,Normal
2014-01-12,89216,91.45,Normal
2014-01-13,75590,91.45,Normal
2014-01-14,71724,92.15,Normal
2014-01-15,74904,93.78,Normal
2014-01-16,73914,93.54,Normal
2014-01-17,75507,93.96,Normal
2014-01-18,92853,94.51,Normal
2014-01-19,88313,94.51,Normal
2014-01-20,74870,94.51,Normal
2014-01-21,74384,94.51,Normal
2014-01-22,72600,96.35,Normal
2014-01-23,69863,97.23,Normal
2014-01-24,74881,96.66,Normal
2014-01-25,89619,95.82,Normal
2014-01-26,86186,95.82,Normal
2014-01-27,73833,95.82,Normal
2014-01-28,71475,97.49,Normal
2014-01-29,70343,97.34,Normal
2014-01-30,69738,98.25,Normal
2014-01-31,79461,97.55,Normal
2014-02-01,100397,96.44,Normal
2014-02-02,91157,96.44,Normal
2014-02-03,82999,96.44,Normal
2014-02-04,78774,97.24,Normal
2014-02-05,79153,97.4,Normal
2014-02-06,75574,97.84,Normal
2014-02-07,78958,99.98,Normal
2014-02-08,92697,100.12,Normal
2014-02-09,83507,100.12,Normal
2014-02-10,78191,100.12,Normal
2014-02-11,75239,99.96,Normal
2014-02-12,79051,100.38,Normal
2014-02-13,82922,100.27,Normal
2014-02-14,92671,100.31,Normal
2014-02-15,93175,102.54,Normal
2014-02-16,88232,102.54,Normal
2014-02-17,76721,102.54,Normal
2014-02-18,73438,102.54,Normal
2014-02-19,73514,103.46,Normal
2014-02-20,71024,103.2,Normal
2014-02-21,75172,102.53,Normal
2014-02-22,93092,103.17,Normal
2014-02-23,80419,103.17,Normal
2014-02-24,77401,103.17,Normal
2014-02-25,72686,102.2,Normal
2014-02-26,74042,102.93,Normal
2014-02-27,73390,102.68,Normal
2014-02-28,84571,102.88,Normal
2014-03-01,102182,105.34,Normal
2014-03-02,79124,105.34,Holiday
2014-03-03,76019,105.34,Holiday
2014-03-04,81818,103.64,Holiday
2014-03-05,84962,101.75,Normal
2014-03-06,81147,101.82,Normal
2014-03-07,80361,102.82,Normal
2014-03-08,94346,101.39,Normal
2014-03-09,92694,101.39,Normal
2014-03-10,77536,101.39,Normal
2014-03-11,75793,100.29,Normal
2014-03-12,75820,98.29,Normal
2014-03-13,72982,98.57,Normal
2014-03-14,77386,99.23,Normal
2014-03-15,91559,98.43,Normal
2014-03-16,93240,98.43,Normal
2014-03-17,80383,98.43,Normal
2014-03-18,75912,100.08,Normal
2014-03-19,76911,100.71,Normal
2014-03-20,74462,99.68,Normal
2014-03-21,78342,99.97,Normal
2014-03-22,93889,100.05,Normal
2014-03-23,89071,100.05,Normal
2014-03-24,74406,100.05,Normal
2014-03-25,74454,99.66,Normal
2014-03-26,74887,100.61,Normal
2014-03-27,71079,101.25,Normal
2014-03-28,78180,101.73,Normal
2014-03-29,95635,101.57,Normal
2014-03-30,88582,101.57,Normal
2014-03-31,82265,101.57,Normal
2014-04-01,84822,99.69,Holiday
2014-04-02,83375,99.6,Normal
2014-04-03,78063,100.29,Normal
2014-04-04,81700,101.16,Normal
2014-04-05,101536,100.43,Normal
2014-04-06,94488,100.43,Normal
2014-04-07,80982,100.43,Normal
2014-04-08,76904,102.57,Normal
2014-04-09,78352,103.55,Normal
2014-04-10,76260,103.37,Normal
2014-04-11,80053,103.68,Normal
2014-04-12,95879,104.05,Holiday
2014-04-13,88770,104.05,Normal
2014-04-14,77753,104.05,Holiday
2014-04-15,76278,103.7,Normal
2014-04-16,81231,103.71,Normal
2014-04-17,84493,104.33,Normal
2014-04-18,81003,104.35,Holiday
2014-04-19,92589,104.35,Normal
2014-04-20,86198,104.35,Normal
2014-04-21,79111,104.35,Holiday
2014-04-22,75889,101.69,Normal
2014-04-23,75358,101.47,Normal
2014-04-24,71753,102.2,Normal
2014-04-25,75347,100.85,Normal
2014-04-26,89576,101.13,Normal
2014-04-27,88583,101.13,Normal
2014-04-28,73482,101.13,Normal
2014-04-29,71015,101.56,Normal
2014-04-30,74823,100.07,Normal
2014-05-01,87240,99.69,Holiday
2014-05-02,80437,100.09,Normal
2014-05-03,98252,99.74,Normal
2014-05-04,93157,99.74,Normal
2014-05-05,77689,99.74,Normal
2014-05-06,75193,99.81,Normal
2014-05-07,77067,101.06,Normal
2014-05-08,73342,100.52,Normal
2014-05-09,81067,100.32,Normal
2014-05-10,108342,100.89,Additional
2014-05-11,90945,100.89,Event
2014-05-12,76000,100.89,Holiday
2014-05-13,73847,102.01,Normal
2014-05-14,73257,102.63,Normal
2014-05-15,70281,101.74,Normal
2014-05-16,75778,102.31,Normal
2014-05-17,91408,102.95,Normal
2014-05-18,93334,102.95,Normal
2014-05-19,75548,102.95,Normal
2014-05-20,73023,102.8,Normal
2014-05-21,73409,104.31,Normal
2014-05-22,68645,104.03,Normal
2014-05-23,71882,105.01,Normal
2014-05-24,90183,104.78,Holiday
2014-05-25,88321,104.78,Normal
2014-05-26,73627,104.78,Normal
2014-05-27,70265,104.78,Normal
2014-05-28,71949,103.37,Normal
2014-05-29,74837,104.26,Normal
2014-05-30,77930,103.4,Normal
2014-05-31,97007,103.07,Normal
2014-06-01,101478,103.07,Normal
2014-06-02,83193,103.07,Normal
2014-06-03,79665,103.34,Normal
2014-06-04,78673,103.27,Normal
2014-06-05,73882,103.17,Normal
2014-06-06,77054,103.32,Normal
2014-06-07,94798,105.09,Normal
2014-06-08,91509,105.09,Normal
2014-06-09,76770,105.09,Normal
2014-06-10,72457,105.02,Normal
2014-06-11,74691,105.04,Normal
2014-06-12,70928,107.2,Event
2014-06-13,79126,107.49,Normal
2014-06-14,106217,107.52,Normal
2014-06-15,81730,107.52,Event
2014-06-16,78357,107.52,Normal
2014-06-17,74593,106.95,Normal
2014-06-18,73547,106.64,Normal
2014-06-19,69533,107.08,Normal
2014-06-20,74637,107.95,Event
2014-06-21,90482,106.83,Normal
2014-06-22,88830,106.83,Normal
2014-06-23,74621,106.83,Holiday
2014-06-24,69887,106.64,Normal
2014-06-25,73770,107.04,Holiday
2014-06-25,73770,107.04,Holiday
2014-06-25,73770,107.04,Holiday
2014-06-25,73770,107.04,Event
2014-06-26,68189,106.49,Normal
2014-06-27,73887,106.46,Normal
2014-06-28,86469,106.07,Event
2014-06-29,83832,106.07,Event
2014-06-30,76339,106.07,Event
2014-07-01,79972,106.06,Event
2014-07-02,83075,105.18,Normal
2014-07-03,77099,104.76,Holiday
2014-07-03,77099,104.76,Holiday
2014-07-04,78171,104.19,Event
2014-07-05,92536,104.19,Event
2014-07-06,90910,104.19,Normal
2014-07-07,79130,104.19,Normal
2014-07-08,74393,104.06,Event
2014-07-09,73421,102.93,Event
2014-07-10,71722,103.61,Normal
2014-07-11,74586,101.48,Normal
2014-07-12,89793,101.73,Event
2014-07-13,79840,101.73,Event
2014-07-14,76320,101.73,Normal
2014-07-15,76497,100.56,Normal
2014-07-16,77335,101.88,Normal
2014-07-17,72365,103.84,Normal
2014-07-18,76812,103.83,Normal
2014-07-19,88541,105.34,Normal
2014-07-20,82660,105.34,Normal
2014-07-21,77658,105.34,Normal
2014-07-22,73749,104.59,Normal
2014-07-23,74346,103.81,Holiday
2014-07-24,72513,102.76,Additional
2014-07-25,78229,105.23,Holiday
2014-07-26,87657,105.68,Normal
2014-07-27,81927,105.68,Normal
2014-07-28,77123,105.68,Normal
2014-07-29,73622,104.91,Normal
2014-07-30,74905,104.29,Normal
2014-07-31,75434,98.23,Normal
2014-08-01,87196,97.86,Normal
2014-08-02,97649,98.26,Normal
2014-08-03,90780,98.26,Normal
2014-08-04,83158,98.26,Normal
2014-08-05,79178,97.34,Holiday
2014-08-06,78787,96.93,Normal
2014-08-07,74620,97.34,Normal
2014-08-08,78698,97.61,Normal
2014-08-09,88010,98.09,Normal
2014-08-10,82185,98.09,Holiday
2014-08-11,78908,98.09,Normal
2014-08-12,73280,97.36,Normal
2014-08-13,76370,97.57,Normal
2014-08-14,73787,95.54,Normal
2014-08-15,81345,97.3,Holiday
2014-08-16,91797,96.44,Normal
2014-08-17,87306,96.44,Normal
2014-08-18,80849,96.44,Normal
2014-08-19,77282,94.35,Normal
2014-08-20,79897,96.4,Normal
2014-08-21,75218,93.97,Normal
2014-08-22,78705,93.61,Normal
2014-08-23,89623,95.39,Normal
2014-08-24,85697,95.39,Holiday
2014-08-25,77287,95.39,Normal
2014-08-26,74029,95.78,Normal
2014-08-27,75594,95.82,Normal
2014-08-28,71897,96.44,Normal
2014-08-29,78280,97.86,Normal
2014-08-30,96128,92.92,Normal
2014-08-31,94032,92.92,Normal
2014-09-01,87941,92.92,Normal
2014-09-02,83895,92.92,Normal
2014-09-03,83264,95.5,Normal
2014-09-04,76357,94.51,Normal
2014-09-05,79393,93.32,Normal
2014-09-06,97051,92.64,Normal
2014-09-07,97206,92.64,Normal
2014-09-08,80954,92.64,Normal
2014-09-09,75647,92.73,Normal
2014-09-10,77110,91.71,Normal
2014-09-11,73413,92.89,Normal
2014-09-12,77324,92.18,Normal
2014-09-13,94599,92.86,Normal
2014-09-14,91685,92.86,Normal
2014-09-15,80209,92.86,Normal
2014-09-16,78628,94.91,Normal
2014-09-17,76934,94.33,Normal
2014-09-18,71000,93.07,Normal
2014-09-19,75575,92.43,Normal
2014-09-20,94175,91.46,Normal
2014-09-21,91092,91.46,Normal
2014-09-22,76335,91.46,Normal
2014-09-23,74715,91.55,Normal
2014-09-24,75802,93.6,Normal
2014-09-25,70769,93.59,Normal
2014-09-26,73141,95.55,Normal
2014-09-27,90831,94.53,Normal
2014-09-28,89876,94.53,Holiday
2014-09-29,76390,94.53,Normal
2014-09-30,77820,91.17,Normal
2014-10-01,84960,90.74,Normal
2014-10-02,79575,91.02,Normal
2014-10-03,84217,89.76,Normal
2014-10-04,99718,90.33,Normal
2014-10-05,94446,90.33,Normal
2014-10-06,80160,90.33,Normal
2014-10-07,78066,88.89,Holiday
2014-10-08,77046,87.29,Normal
2014-10-09,74220,85.76,Holiday
2014-10-10,83961,85.87,Transfer
2014-10-11,91360,85.73,Normal
2014-10-12,86736,85.73,Normal
2014-10-13,76957,85.73,Normal
2014-10-14,73921,81.72,Normal
2014-10-15,77781,81.82,Normal
2014-10-16,73632,82.33,Normal
2014-10-17,75640,82.8,Normal
2014-10-18,94313,82.76,Normal
2014-10-19,92246,82.76,Normal
2014-10-20,78183,82.76,Normal
2014-10-21,73577,83.25,Normal
2014-10-22,73816,80.52,Normal
2014-10-23,71293,82.81,Normal
2014-10-24,73477,81.27,Normal
2014-10-25,92005,81.26,Normal
2014-10-26,90363,81.26,Normal
2014-10-27,74434,81.26,Normal
2014-10-28,72417,81.36,Normal
2014-10-29,74037,82.25,Normal
2014-10-30,71373,81.06,Normal
2014-10-31,79380,80.53,Normal
2014-11-01,96265,78.77,Normal
2014-11-02,78183,78.77,Holiday
2014-11-03,91982,78.77,Holiday
2014-11-04,80319,77.15,Normal
2014-11-05,80883,78.71,Normal
2014-11-06,75527,77.87,Holiday
2014-11-07,77407,78.71,Holiday
2014-11-08,93764,77.43,Normal
2014-11-09,92456,77.43,Normal
2014-11-10,75496,77.43,Holiday
2014-11-11,73496,77.85,Holiday
2014-11-12,75032,77.16,Holiday
2014-11-13,71007,74.13,Normal
2014-11-14,76645,75.91,Normal
2014-11-15,92867,75.64,Normal
2014-11-16,92544,75.64,Normal
2014-11-17,77532,75.64,Normal
2014-11-18,74317,74.55,Normal
2014-11-19,72588,74.55,Normal
2014-11-20,73630,75.63,Normal
2014-11-21,77423,76.52,Normal
2014-11-22,91986,75.74,Normal
2014-11-23,90947,75.74,Normal
2014-11-24,76731,75.74,Normal
2014-11-25,73268,74.04,Normal
2014-11-26,74865,73.7,Normal
2014-11-27,71278,65.94,Normal
2014-11-28,78509,65.94,Event
2014-11-29,96504,68.98,Normal
2014-11-30,96847,68.98,Normal
2014-12-01,86943,68.98,Event
2014-12-02,84903,66.99,Normal
2014-12-03,82957,67.3,Normal
2014-12-04,79357,66.73,Normal
2014-12-05,84023,65.89,Additional
2014-12-06,95549,63.13,Holiday
2014-12-07,97587,63.13,Normal
2014-12-08,86182,63.13,Holiday
2014-12-09,82255,63.74,Normal
2014-12-10,84084,60.99,Normal
2014-12-11,83115,60.01,Normal
2014-12-12,86621,57.81,Normal
2014-12-13,104404,55.96,Normal
2014-12-14,102605,55.96,Normal
2014-12-15,94336,55.96,Normal
2014-12-16,96222,55.97,Normal
2014-12-17,99887,56.43,Normal
2014-12-18,102225,54.18,Normal
2014-12-19,104187,56.91,Normal
2014-12-20,118293,55.25,Work Day
2014-12-21,118694,55.25,Additional
2014-12-22,134574,55.25,Holiday
2014-12-22,134574,55.25,Additional
2014-12-23,144513,56.78,Additional
2014-12-24,156546,55.7,Additional
2014-12-26,108760,54.59,Bridge
2014-12-26,108760,54.59,Additional
2014-12-27,98956,53.46,Normal
2014-12-28,86890,53.46,Normal
2014-12-29,100363,53.46,Normal
2014-12-30,117100,54.14,Normal
2014-12-31,126952,53.45,Additional
2015-01-01,2202,52.72,Holiday
2015-01-02,96809,52.72,Bridge
2015-01-03,96288,50.05,Normal
2015-01-04,94496,50.05,Normal
2015-01-05,88880,50.05,Normal
2015-01-06,82581,47.98,Normal
2015-01-07,83804,48.69,Normal
2015-01-08,77474,48.8,Normal
2015-01-09,79379,48.35,Normal
2015-01-10,92717,46.06,Work Day
2015-01-11,94679,46.06,Normal
2015-01-12,79557,46.06,Normal
2015-01-13,75846,45.92,Normal
2015-01-14,77003,48.49,Normal
2015-01-15,73949,46.37,Normal
2015-01-16,76133,48.49,Normal
2015-01-17,96331,46.79,Normal
2015-01-18,92139,46.79,Normal
2015-01-19,77981,46.79,Normal
2015-01-20,75810,46.79,Normal
2015-01-21,77316,47.85,Normal
2015-01-22,73150,45.93,Normal
2015-01-23,76086,45.26,Normal
2015-01-24,94292,44.8,Normal
2015-01-25,89418,44.8,Normal
2015-01-26,74534,44.8,Normal
2015-01-27,71018,45.84,Normal
2015-01-28,73108,44.08,Normal
2015-01-29,70000,44.12,Normal
2015-01-30,79491,47.79,Normal
2015-01-31,96588,49.25,Normal
2015-02-01,98364,49.25,Normal
2015-02-02,84117,49.25,Normal
2015-02-03,80387,53.04,Normal
2015-02-04,80565,48.45,Normal
2015-02-05,78116,50.48,Normal
2015-02-06,79259,51.66,Normal
2015-02-07,94991,52.99,Normal
2015-02-08,88360,52.99,Normal
2015-02-09,79999,52.99,Normal
2015-02-10,76983,50.06,Normal
2015-02-11,78118,48.8,Normal
2015-02-12,78137,51.17,Normal
2015-02-13,95708,52.66,Normal
2015-02-14,105818,53.56,Normal
2015-02-15,77512,53.56,Normal
2015-02-16,75439,53.56,Holiday
2015-02-17,79643,53.56,Holiday
2015-02-18,85992,52.13,Normal
2015-02-19,78446,51.12,Normal
2015-02-20,84726,49.95,Normal
2015-02-21,92718,49.56,Normal
2015-02-22,95074,49.56,Normal
2015-02-23,76355,49.56,Normal
2015-02-24,76065,48.48,Normal
2015-02-25,75253,50.25,Normal
2015-02-26,71797,47.65,Normal
2015-02-27,80395,49.84,Normal
2015-02-28,97647,49.59,Normal
2015-03-01,100885,49.59,Normal
2015-03-02,84649,49.59,Holiday
2015-03-03,83100,50.43,Normal
2015-03-04,84199,51.53,Normal
2015-03-05,79040,50.76,Normal
2015-03-06,82542,49.61,Normal
2015-03-07,102516,49.95,Normal
2015-03-08,95738,49.95,Normal
2015-03-09,83173,49.95,Normal
2015-03-10,82922,48.42,Normal
2015-03-11,80024,48.06,Normal
2015-03-12,75430,47.12,Normal
2015-03-13,80200,44.88,Normal
2015-03-14,98468,43.93,Normal
2015-03-15,93123,43.93,Normal
2015-03-16,81430,43.93,Normal
2015-03-17,77689,43.39,Normal
2015-03-18,75660,44.63,Normal
2015-03-19,74414,44.02,Normal
2015-03-20,83777,46.0,Normal
2015-03-21,99233,47.4,Normal
2015-03-22,93794,47.4,Normal
2015-03-23,80606,47.4,Normal
2015-03-24,77293,47.03,Normal
2015-03-25,77842,48.75,Normal
2015-03-26,73600,51.41,Normal
2015-03-27,80951,48.83,Normal
2015-03-28,94064,48.66,Normal
2015-03-29,91104,48.66,Normal
2015-03-30,77318,48.66,Normal
2015-03-31,80716,47.72,Normal
2015-04-01,89824,50.12,Holiday
2015-04-02,90983,49.13,Normal
2015-04-03,85946,52.08,Holiday
2015-04-04,99813,52.08,Normal
2015-04-05,91181,52.08,Normal
2015-04-06,85469,52.08,Normal
2015-04-07,81779,53.95,Normal
2015-04-08,81262,50.44,Normal
2015-04-09,76461,50.79,Normal
2015-04-10,81510,51.63,Normal
2015-04-11,97337,51.95,Normal
2015-04-12,95678,51.95,Holiday
2015-04-13,82116,51.95,Normal
2015-04-14,75244,53.3,Holiday
2015-04-15,80265,56.25,Normal
2015-04-16,77637,56.69,Normal
2015-04-17,80726,55.71,Normal
2015-04-18,99304,56.37,Normal
2015-04-19,94790,56.37,Normal
2015-04-20,82615,56.37,Normal
2015-04-21,78187,55.58,Holiday
2015-04-22,78529,56.17,Normal
2015-04-23,75289,56.59,Normal
2015-04-24,79301,55.98,Normal
2015-04-25,95572,55.56,Normal
2015-04-26,90784,55.56,Normal
2015-04-27,77486,55.56,Normal
2015-04-28,73013,57.05,Normal
2015-04-29,75690,58.55,Normal
2015-04-30,79564,59.62,Normal
2015-05-01,94567,59.1,Holiday
2015-05-02,100716,58.92,Normal
2015-05-03,94618,58.92,Normal
2015-05-04,84198,58.92,Normal
2015-05-05,82729,60.38,Normal
2015-05-06,83390,60.93,Normal
2015-05-07,80437,58.99,Normal
2015-05-08,85892,59.41,Normal
2015-05-09,115616,59.23,Additional
2015-05-10,95869,59.23,Event
2015-05-11,81414,59.23,Normal
2015-05-12,77407,60.72,Holiday
2015-05-13,75555,60.5,Normal
2015-05-14,72043,59.89,Normal
2015-05-15,80107,59.73,Normal
2015-05-16,99115,59.44,Normal
2015-05-17,97521,59.44,Normal
2015-05-18,80398,59.44,Normal
2015-05-19,76783,57.3,Normal
2015-05-20,78779,58.96,Normal
2015-05-21,74029,60.18,Normal
2015-05-22,78307,58.88,Normal
2015-05-23,95351,57.29,Normal
2015-05-24,93816,57.29,Holiday
2015-05-25,77956,57.29,Normal
2015-05-26,74097,57.29,Normal
2015-05-27,76164,57.51,Normal
2015-05-28,73171,57.69,Normal
2015-05-29,83081,60.25,Normal
2015-05-30,102728,60.24,Normal
2015-05-31,108057,60.24,Normal
2015-06-01,91732,60.24,Normal
2015-06-02,84760,61.3,Normal
2015-06-03,82916,59.67,Normal
2015-06-04,79588,58.0,Normal
2015-06-05,83671,59.11,Normal
2015-06-06,99584,58.15,Normal
2015-06-07,98730,58.15,Normal
2015-06-08,81106,58.15,Normal
2015-06-09,78401,60.15,Normal
2015-06-10,77775,61.36,Normal
2015-06-11,73723,60.74,Normal
2015-06-12,79332,59.96,Normal
2015-06-13,95583,59.53,Normal
2015-06-14,93452,59.53,Normal
2015-06-15,79423,59.53,Normal
2015-06-16,80948,60.01,Normal
2015-06-17,80273,59.89,Normal
2015-06-18,76902,60.41,Normal
2015-06-19,83715,59.62,Normal
2015-06-20,108362,60.01,Normal
2015-06-21,92077,60.01,Normal
2015-06-22,81755,60.01,Normal
2015-06-23,78858,61.05,Holiday
2015-06-24,74979,60.01,Normal
2015-06-25,72661,59.59,Holiday
2015-06-25,72661,59.59,Holiday
2015-06-25,72661,59.59,Holiday
2015-06-26,78165,59.41,Normal
2015-06-27,92052,58.34,Normal
2015-06-28,93170,58.34,Normal
2015-06-29,76946,58.34,Normal
2015-06-30,80264,59.48,Normal
2015-07-01,89117,56.94,Normal
2015-07-02,83862,56.93,Normal
2015-07-03,88101,52.48,Holiday
2015-07-03,88101,52.48,Holiday
2015-07-04,102116,52.48,Normal
2015-07-05,94248,52.48,Normal
2015-07-06,86147,52.48,Normal
2015-07-07,76716,52.33,Normal
2015-07-08,84116,51.61,Normal
2015-07-09,79197,52.76,Normal
2015-07-10,81733,52.74,Normal
2015-07-11,91861,52.19,Normal
2015-07-12,90004,52.19,Normal
2015-07-13,80081,52.19,Normal
2015-07-14,76798,53.05,Normal
2015-07-15,80203,51.4,Normal
2015-07-16,77483,50.9,Normal
2015-07-17,82400,50.88,Normal
2015-07-18,93463,50.11,Normal
2015-07-19,89543,50.11,Normal
2015-07-20,82542,50.11,Normal
2015-07-21,78316,50.59,Normal
2015-07-22,77969,49.27,Normal
2015-07-23,74744,48.11,Holiday
2015-07-24,83784,47.98,Holiday
2015-07-25,92906,47.17,Holiday
2015-07-26,90148,47.17,Normal
2015-07-27,80240,47.17,Normal
2015-07-28,77193,47.97,Normal
2015-07-29,78724,48.77,Normal
2015-07-30,75122,48.53,Normal
2015-07-31,85907,47.11,Normal
2015-08-01,105307,45.25,Normal
2015-08-02,97134,45.25,Normal
2015-08-03,89639,45.25,Normal
2015-08-04,85613,45.75,Normal
2015-08-05,84912,45.13,Holiday
2015-08-06,80008,44.69,Normal
2015-08-07,85461,43.87,Normal
2015-08-08,93044,44.94,Normal
2015-08-09,79233,44.94,Normal
2015-08-10,87127,44.94,Holiday
2015-08-11,82118,43.11,Normal
2015-08-12,82224,43.22,Normal
2015-08-13,77320,42.27,Normal
2015-08-14,85068,42.45,Normal
2015-08-15,101204,41.93,Holiday
2015-08-16,91810,41.93,Normal
2015-08-17,84497,41.93,Normal
2015-08-18,81121,42.58,Normal
2015-08-19,81318,40.75,Normal
2015-08-20,78717,41.0,Normal
2015-08-21,85259,40.45,Normal
2015-08-22,94782,38.22,Normal
2015-08-23,89641,38.22,Normal
2015-08-24,82462,38.22,Holiday
2015-08-25,78984,39.15,Normal
2015-08-26,78623,38.5,Normal
2015-08-27,75910,42.47,Normal
2015-08-28,81668,45.29,Normal
2015-08-29,96050,49.2,Normal
2015-08-30,92502,49.2,Normal
2015-08-31,86301,49.2,Normal
2015-09-01,90485,45.38,Normal
2015-09-02,88953,46.3,Normal
2015-09-03,83192,46.75,Normal
2015-09-04,84429,46.02,Normal
2015-09-05,103308,45.92,Normal
2015-09-06,100483,45.92,Normal
2015-09-07,85728,45.92,Normal
2015-09-08,81290,45.92,Normal
2015-09-09,81083,44.13,Normal
2015-09-10,76378,45.85,Normal
2015-09-11,80722,44.75,Normal
2015-09-12,96719,44.07,Normal
2015-09-13,94872,44.07,Normal
2015-09-14,80058,44.07,Normal
2015-09-15,80367,44.58,Normal
2015-09-16,81886,47.12,Normal
2015-09-17,75483,46.93,Normal
2015-09-18,80610,44.71,Normal
2015-09-19,97499,46.67,Normal
2015-09-20,94345,46.67,Normal
2015-09-21,81429,46.67,Normal
2015-09-22,77608,46.17,Normal
2015-09-23,78775,44.53,Normal
2015-09-24,73545,44.94,Normal
2015-09-25,79507,45.55,Normal
2015-09-26,94388,44.4,Normal
2015-09-27,92915,44.4,Normal
2015-09-28,77182,44.4,Holiday
2015-09-29,74165,45.24,Normal
2015-09-30,77848,45.06,Normal
2015-10-01,83792,44.75,Normal
2015-10-02,87428,45.54,Normal
2015-10-03,105572,46.28,Normal
2015-10-04,100646,46.28,Normal
2015-10-05,86220,46.28,Normal
2015-10-06,80330,48.53,Normal
2015-10-07,81073,47.86,Holiday
2015-10-08,78172,49.46,Normal
2015-10-09,90250,49.67,Holiday
2015-10-10,94991,47.09,Normal
2015-10-11,90881,47.09,Normal
2015-10-12,80029,47.09,Normal
2015-10-13,72375,46.7,Normal
2015-10-14,76395,46.63,Normal
2015-10-15,75010,46.38,Normal
2015-10-16,83029,47.3,Normal
2015-10-17,98871,45.91,Normal
2015-10-18,96231,45.91,Normal
2015-10-19,79787,45.91,Normal
2015-10-20,78289,45.84,Normal
2015-10-21,78173,45.22,Normal
2015-10-22,73095,44.9,Normal
2015-10-23,78019,43.91,Normal
2015-10-24,93418,43.19,Normal
2015-10-25,93799,43.19,Normal
2015-10-26,76122,43.19,Normal
2015-10-27,73841,43.21,Normal
2015-10-28,74249,45.93,Normal
2015-10-29,70572,46.02,Normal
2015-10-30,81174,46.6,Normal
2015-10-31,98651,46.12,Normal
2015-11-01,83827,46.12,Normal
2015-11-02,80162,46.12,Holiday
2015-11-03,92896,47.88,Holiday
2015-11-04,85572,46.32,Normal
2015-11-05,78103,45.27,Normal
2015-11-06,79994,44.32,Holiday
2015-11-07,96498,43.87,Holiday
2015-11-08,96692,43.87,Normal
2015-11-09,78801,43.87,Normal
2015-11-10,77488,44.23,Holiday
2015-11-11,77427,42.95,Holiday
2015-11-12,72788,41.74,Holiday
2015-11-13,80292,40.69,Normal
2015-11-14,96119,41.68,Normal
2015-11-15,96807,41.68,Normal
2015-11-16,80136,41.68,Normal
2015-11-17,76290,40.73,Normal
2015-11-18,78369,40.75,Normal
2015-11-19,74410,40.55,Normal
2015-11-20,83456,39.39,Normal
2015-11-21,94660,39.27,Normal
2015-11-22,93697,39.27,Normal
2015-11-23,78586,39.27,Normal
2015-11-24,76930,40.89,Normal
2015-11-25,79328,41.22,Normal
2015-11-26,74586,40.57,Normal
2015-11-27,83890,40.57,Event
2015-11-28,95616,40.43,Normal
2015-11-29,99517,40.43,Normal
2015-11-30,85256,40.43,Event
2015-12-01,87991,40.58,Normal
2015-12-02,88508,39.93,Normal
2015-12-03,84532,41.08,Normal
2015-12-04,87033,40.0,Normal
2015-12-05,100637,37.64,Additional
2015-12-06,100258,37.64,Holiday
2015-12-07,88424,37.64,Normal
2015-12-08,83706,37.46,Holiday
2015-12-09,86615,37.16,Normal
2015-12-10,83880,36.76,Normal
2015-12-11,89351,35.65,Normal
2015-12-12,103409,36.31,Normal
2015-12-13,100875,36.31,Normal
2015-12-14,88540,36.31,Normal
2015-12-15,89726,37.32,Normal
2015-12-16,95973,35.55,Normal
2015-12-17,98732,34.98,Normal
2015-12-18,101639,34.72,Normal
2015-12-19,123810,34.55,Normal
2015-12-20,120843,34.55,Normal
2015-12-21,124711,34.55,Additional
2015-12-22,138921,36.12,Additional
2015-12-22,138921,36.12,Holiday
2015-12-23,153338,36.76,Additional
2015-12-24,171169,37.62,Additional
2015-12-26,113594,36.36,Additional
2015-12-27,93020,36.36,Normal
2015-12-28,95257,36.36,Normal
2015-12-29,104623,37.88,Normal
2015-12-30,118947,36.59,Normal
2015-12-31,131826,37.13,Additional
2016-01-02,69628,36.81,Normal
2016-01-04,17829,36.81,Normal
2016-01-05,89018,35.97,Normal
2016-01-06,88846,33.97,Normal
2016-01-07,80412,33.29,Normal
2016-01-08,83344,33.2,Normal
2016-01-09,100975,31.42,Normal
2016-01-10,97323,31.42,Normal
2016-01-11,80506,31.42,Normal
2016-01-12,77696,30.42,Normal
2016-01-13,76217,30.42,Normal
2016-01-14,74909,31.22,Normal
2016-01-15,83105,29.45,Normal
2016-01-16,99698,28.47,Normal
2016-01-17,95155,28.47,Normal
2016-01-18,81486,28.47,Normal
2016-01-19,76092,28.47,Normal
2016-01-20,82989,26.68,Normal
2016-01-21,74141,29.55,Normal
2016-01-22,79760,32.07,Normal
2016-01-23,95634,30.31,Normal
2016-01-24,89786,30.31,Normal
2016-01-25,76042,30.31,Normal
2016-01-26,75639,29.54,Normal
2016-01-27,76912,32.32,Normal
2016-01-28,73110,33.21,Normal
2016-01-29,81081,33.66,Normal
2016-01-30,98201,31.62,Normal
2016-01-31,95671,31.62,Normal
2016-02-01,87827,31.62,Normal
2016-02-02,84928,29.9,Normal
2016-02-03,84704,32.29,Normal
2016-02-04,82446,31.63,Normal
2016-02-05,89355,30.86,Normal
2016-02-06,100641,29.71,Normal
2016-02-07,78884,29.71,Normal
2016-02-08,75047,29.71,Holiday
2016-02-09,79222,27.96,Holiday
2016-02-10,86720,27.54,Normal
2016-02-11,81444,26.19,Normal
2016-02-12,87451,29.32,Normal
2016-02-13,101849,29.05,Normal
2016-02-14,99462,29.05,Normal
2016-02-15,83293,29.05,Normal
2016-02-16,81192,29.05,Normal
2016-02-17,80996,30.68,Normal
2016-02-18,74797,30.77,Normal
2016-02-19,82564,29.59,Normal
2016-02-20,95533,31.37,Normal
2016-02-21,91533,31.37,Normal
2016-02-22,79775,31.37,Normal
2016-02-23,77672,31.84,Normal
2016-02-24,78364,30.35,Normal
2016-02-25,74029,31.4,Normal
2016-02-26,80200,31.65,Normal
2016-02-27,95659,32.74,Normal
2016-02-28,90059,32.74,Normal
2016-02-29,80152,32.74,Normal
2016-03-01,87759,34.39,Normal
2016-03-02,88779,34.57,Holiday
2016-03-03,79787,34.56,Normal
2016-03-04,86493,35.91,Normal
2016-03-05,102170,37.9,Normal
2016-03-06,95178,37.9,Normal
2016-03-07,84681,37.9,Normal
2016-03-08,84111,36.67,Normal
2016-03-09,79580,37.62,Normal
2016-03-10,76879,37.77,Normal
2016-03-11,82962,38.51,Normal
2016-03-12,97275,37.2,Normal
2016-03-13,90435,37.2,Normal
2016-03-14,78924,37.2,Normal
2016-03-15,79651,36.32,Normal
2016-03-16,81758,38.43,Normal
2016-03-17,76268,40.17,Normal
2016-03-18,83179,39.47,Normal
2016-03-19,96783,39.91,Normal
2016-03-20,89769,39.91,Normal
2016-03-21,81185,39.91,Normal
2016-03-22,77409,41.45,Normal
2016-03-23,82331,38.28,Normal
2016-03-24,86834,38.14,Normal
2016-03-25,78832,37.99,Holiday
2016-03-26,91232,37.99,Normal
2016-03-27,82305,37.99,Normal
2016-03-28,76647,37.99,Normal
2016-03-29,75782,36.91,Normal
2016-03-30,75656,36.91,Normal
2016-03-31,77024,36.94,Normal
2016-04-01,89055,35.36,Holiday
2016-04-02,104451,34.3,Normal
2016-04-03,103230,34.3,Normal
2016-04-04,85017,34.3,Normal
2016-04-05,82629,34.52,Normal
2016-04-06,81402,37.74,Normal
2016-04-07,76736,37.3,Normal
2016-04-08,83533,39.74,Normal
2016-04-09,97454,40.46,Normal
2016-04-10,91977,40.46,Normal
2016-04-11,77860,40.46,Normal
2016-04-12,82484,42.12,Holiday
2016-04-13,79657,41.7,Normal
2016-04-14,74291,41.45,Holiday
2016-04-15,82751,40.4,Normal
2016-04-16,90313,39.74,Event
2016-04-17,93018,39.74,Event
2016-04-18,103559,39.74,Event
2016-04-19,99289,40.88,Event
2016-04-20,95079,42.72,Event
2016-04-21,85533,43.18,Holiday
2016-04-21,85533,43.18,Event
2016-04-22,86662,42.76,Event
2016-04-23,100468,41.67,Event
2016-04-24,93993,41.67,Event
2016-04-25,78301,41.67,Event
2016-04-26,77218,42.52,Event
2016-04-27,77369,45.29,Event
2016-04-28,72957,46.03,Event
2016-04-29,82711,45.98,Event
2016-04-30,102800,44.75,Event
2016-05-01,102012,44.75,Holiday
2016-05-01,102012,44.75,Event
2016-05-02,85259,44.75,Event
2016-05-03,85500,43.65,Event
2016-05-04,86207,43.77,Event
2016-05-05,82198,44.33,Event
2016-05-06,91159,44.58,Event
2016-05-07,118222,43.45,Additional
2016-05-07,118222,43.45,Event
2016-05-08,97132,43.45,Event
2016-05-08,97132,43.45,Event
2016-05-09,82043,43.45,Event
2016-05-10,78194,44.68,Event
2016-05-11,80761,46.21,Event
2016-05-12,76099,46.64,Holiday
2016-05-12,76099,46.64,Event
2016-05-13,82265,46.22,Event
2016-05-14,97755,47.72,Event
2016-05-15,95910,47.72,Event
2016-05-16,81129,47.72,Event
2016-05-17,78372,48.29,Normal
2016-05-18,74552,48.12,Normal
2016-05-19,74826,48.16,Normal
2016-05-20,84185,47.67,Normal
2016-05-21,97053,48.12,Normal
2016-05-22,93629,48.12,Normal
2016-05-23,79595,48.12,Normal
2016-05-24,74225,48.04,Holiday
2016-05-25,75039,49.1,Normal
2016-05-26,74328,49.0,Normal
2016-05-27,88580,49.36,Transfer
2016-05-28,89086,49.1,Normal
2016-05-29,87606,49.1,Normal
2016-05-30,80249,49.1,Normal
2016-05-31,92987,49.1,Normal
2016-06-01,88574,49.07,Normal
2016-06-02,79393,49.14,Normal
2016-06-03,84747,48.69,Normal
2016-06-04,100607,49.71,Normal
2016-06-05,97418,49.71,Normal
2016-06-06,80840,49.71,Normal
2016-06-07,78126,50.37,Normal
2016-06-08,79997,51.23,Normal
2016-06-09,73785,50.52,Normal
2016-06-10,80306,49.09,Normal
2016-06-11,93473,48.89,Normal
2016-06-12,89740,48.89,Normal
2016-06-13,76448,48.89,Normal
2016-06-14,75874,48.49,Normal
2016-06-15,79905,47.92,Normal
2016-06-16,80605,46.14,Normal
2016-06-17,85614,48.0,Normal
2016-06-18,107418,49.4,Normal
2016-06-19,92469,49.4,Normal
2016-06-20,80226,49.4,Normal
2016-06-21,78278,48.95,Normal
2016-06-22,77260,49.16,Normal
2016-06-23,72356,49.34,Holiday
2016-06-24,78517,46.7,Normal
2016-06-25,91094,45.8,Holiday
2016-06-25,91094,45.8,Holiday
2016-06-25,91094,45.8,Holiday
2016-06-26,88209,45.8,Normal
2016-06-27,75781,45.8,Normal
2016-06-28,73787,47.93,Normal
2016-06-29,76350,49.85,Normal
2016-06-30,73866,48.27,Normal
2016-07-01,89711,49.02,Normal
2016-07-02,101902,46.73,Normal
2016-07-03,96041,46.73,Holiday
2016-07-03,96041,46.73,Holiday
2016-07-04,84992,46.73,Normal
2016-07-05,82089,46.73,Normal
2016-07-06,83135,47.37,Normal
2016-07-07,76107,45.22,Normal
2016-07-08,83553,45.37,Normal
2016-07-09,94026,44.73,Normal
2016-07-10,88752,44.73,Normal
2016-07-11,78942,44.73,Normal
2016-07-12,76267,46.82,Normal
2016-07-13,76173,44.87,Normal
2016-07-14,73094,45.64,Normal
2016-07-15,82144,45.93,Normal
2016-07-16,94503,45.23,Normal
2016-07-17,87873,45.23,Normal
2016-07-18,80328,45.23,Normal
2016-07-19,77023,44.64,Normal
2016-07-20,81266,44.96,Normal
2016-07-21,74264,43.96,Normal
2016-07-22,80531,43.41,Normal
2016-07-23,91301,42.4,Holiday
2016-07-24,85106,42.4,Additional
2016-07-24,85106,42.4,Transfer
2016-07-25,79203,42.4,Holiday
2016-07-26,76524,42.16,Normal
2016-07-27,77731,41.9,Normal
2016-07-28,71935,41.13,Normal
2016-07-29,82140,41.54,Normal
2016-07-30,96249,40.05,Normal
2016-07-31,91182,40.05,Normal
2016-08-01,87637,40.05,Normal
2016-08-02,85044,39.5,Normal
2016-08-03,84532,40.8,Normal
2016-08-04,78516,41.92,Normal
2016-08-05,84616,41.83,Holiday
2016-08-06,93146,43.06,Normal
2016-08-07,87403,43.06,Normal
2016-08-08,81072,43.06,Normal
2016-08-09,77133,42.78,Normal
2016-08-10,79006,41.75,Holiday
2016-08-11,77945,43.51,Normal
2016-08-12,83425,44.47,Transfer
2016-08-13,84685,45.72,Normal
2016-08-14,78472,45.72,Normal
2016-08-15,81379,45.72,Holiday
2016-08-16,81063,46.57,Normal
2016-08-17,81405,46.81,Normal
2016-08-18,75159,48.2,Normal
2016-08-19,82021,48.48,Normal
2016-08-20,91798,46.8,Normal
2016-08-21,87188,46.8,Normal
2016-08-22,80624,46.8,Normal
2016-08-23,78531,47.54,Normal
2016-08-24,78434,46.29,Holiday
2016-08-25,73746,46.97,Normal
2016-08-26,79541,47.64,Normal
2016-08-27,87841,46.97,Normal
2016-08-28,83646,46.97,Normal
2016-08-29,75798,46.97,Normal
2016-08-30,75043,46.32,Normal
2016-08-31,80262,44.68,Normal
2016-09-01,80863,43.17,Normal
2016-09-02,88068,44.39,Normal
2016-09-03,99611,44.85,Normal
2016-09-04,93135,44.85,Normal
2016-09-05,83275,44.85,Normal
2016-09-06,83504,44.85,Normal
2016-09-07,79719,45.47,Normal
2016-09-08,75262,47.63,Normal
2016-09-09,79604,45.88,Normal
2016-09-10,94115,46.28,Normal
2016-09-11,91610,46.28,Normal
2016-09-12,77125,46.28,Normal
2016-09-13,74032,44.91,Normal
2016-09-14,73096,43.62,Normal
2016-09-15,74741,43.85,Normal
2016-09-16,80789,43.04,Normal
2016-09-17,94298,43.34,Normal
2016-09-18,92375,43.34,Normal
2016-09-19,76255,43.34,Normal
2016-09-20,76572,43.85,Normal
2016-09-21,76260,45.33,Normal
2016-09-22,71282,46.1,Normal
2016-09-23,78422,44.36,Normal
2016-09-24,90980,45.6,Normal
2016-09-25,87687,45.6,Normal
2016-09-26,75050,45.6,Normal
2016-09-27,68375,44.65,Normal
2016-09-28,72772,47.07,Holiday
2016-09-29,68972,47.72,Normal
2016-09-30,79125,47.72,Normal
2016-10-01,103065,48.8,Normal
2016-10-02,99386,48.8,Normal
2016-10-03,84086,48.8,Normal
2016-10-04,79380,48.67,Normal
2016-10-05,79403,49.75,Normal
2016-10-06,73892,50.44,Normal
2016-10-07,79737,49.76,Holiday
2016-10-08,94142,49.76,Normal
2016-10-09,93562,49.76,Holiday
2016-10-10,77691,49.76,Normal
2016-10-11,73298,50.72,Normal
2016-10-12,73721,50.14,Normal
2016-10-13,70643,50.47,Normal
2016-10-14,79146,50.35,Normal
2016-10-15,92768,49.97,Normal
2016-10-16,93951,49.97,Normal
2016-10-17,76614,49.97,Normal
2016-10-18,73632,50.3,Normal
2016-10-19,72931,51.59,Normal
2016-10-20,73196,50.31,Normal
2016-10-21,78245,50.61,Normal
2016-10-22,89857,50.18,Normal
2016-10-23,90866,50.18,Normal
2016-10-24,73354,50.18,Normal
2016-10-25,73074,49.45,Normal
2016-10-26,72818,48.75,Normal
2016-10-27,71506,49.71,Normal
2016-10-28,76876,48.72,Normal
2016-10-29,90428,46.83,Normal
2016-10-30,88744,46.83,Normal
2016-10-31,75988,46.83,Normal
2016-11-01,85050,46.66,Normal
2016-11-02,90454,45.32,Holiday
2016-11-03,82525,44.66,Holiday
2016-11-04,85762,44.07,Bridge
2016-11-05,88820,44.88,Normal
2016-11-06,92150,44.88,Holiday
2016-11-07,83114,44.88,Holiday
2016-11-08,79917,44.96,Normal
2016-11-09,80077,45.2,Normal
2016-11-10,72768,44.62,Holiday
2016-11-11,78815,43.39,Holiday
2016-11-12,92716,43.29,Holiday
2016-11-12,92716,43.29,Work Day
2016-11-13,98409,43.29,Normal
2016-11-14,77317,43.29,Normal
2016-11-15,76651,45.86,Normal
2016-11-16,81603,45.56,Normal
2016-11-17,74999,45.37,Normal
2016-11-18,81854,45.69,Normal
2016-11-19,94791,47.48,Normal
2016-11-20,96368,47.48,Normal
2016-11-21,81536,47.48,Normal
2016-11-22,80748,48.07,Normal
2016-11-23,82390,46.72,Normal
2016-11-24,76479,46.72,Normal
2016-11-25,86981,46.72,Event
2016-11-26,96748,45.66,Normal
2016-11-27,95628,45.66,Normal
2016-11-28,79717,45.66,Event
2016-11-29,74449,45.29,Normal
2016-11-30,80680,49.41,Normal
2016-12-01,84647,51.08,Normal
2016-12-02,86775,51.7,Normal
2016-12-03,102429,51.72,Normal
2016-12-04,103907,51.72,Normal
2016-12-05,88947,51.72,Additional
2016-12-06,92700,50.95,Holiday
2016-12-07,88699,49.85,Normal
2016-12-08,82550,50.84,Holiday
2016-12-09,90723,51.51,Normal
2016-12-10,100618,52.74,Normal
2016-12-11,101077,52.74,Normal
2016-12-12,86093,52.74,Normal
2016-12-13,85927,52.99,Normal
2016-12-14,89417,51.01,Normal
2016-12-15,91525,50.9,Normal
2016-12-16,99717,51.93,Normal
2016-12-17,114465,52.13,Normal
2016-12-18,116289,52.13,Normal
2016-12-19,106760,52.13,Normal
2016-12-20,116392,52.22,Normal
2016-12-21,132060,51.44,Additional
2016-12-22,138892,51.98,Additional
2016-12-22,138892,51.98,Holiday
2016-12-23,156932,52.01,Additional
2016-12-24,167542,52.82,Additional
2016-12-26,105524,52.82,Additional
2016-12-27,95643,52.82,Normal
2016-12-28,103717,54.01,Normal
2016-12-29,102665,53.8,Normal
2016-12-30,127771,53.75,Normal
2016-12-31,135568,52.36,Additional
2017-01-01,1642,52.36,Holiday
2017-01-02,107718,52.36,Transfer
2017-01-03,97185,52.36,Normal
2017-01-04,91527,53.26,Normal
2017-01-05,84930,53.77,Normal
2017-01-06,89963,53.98,Normal
2017-01-07,102954,51.95,Normal
2017-01-08,96784,51.95,Normal
2017-01-09,82111,51.95,Normal
2017-01-10,79932,50.82,Normal
2017-01-11,80692,52.19,Normal
2017-01-12,75691,53.01,Normal
2017-01-13,84068,52.36,Normal
2017-01-14,99921,52.45,Normal
2017-01-15,97107,52.45,Normal
2017-01-16,84038,52.45,Normal
2017-01-17,80093,52.45,Normal
2017-01-18,80984,51.12,Normal
2017-01-19,74388,51.39,Normal
2017-01-20,78949,52.33,Normal
2017-01-21,101813,52.77,Normal
2017-01-22,96999,52.77,Normal
2017-01-23,83426,52.77,Normal
2017-01-24,79149,52.38,Normal
2017-01-25,79315,52.14,Normal
2017-01-26,72551,53.24,Normal
2017-01-27,82681,53.18,Normal
2017-01-28,97396,52.63,Normal
2017-01-29,91697,52.63,Normal
2017-01-30,75086,52.63,Normal
2017-01-31,82058,52.75,Normal
2017-02-01,87964,53.9,Normal
2017-02-02,83067,53.55,Normal
2017-02-03,88575,53.81,Normal
2017-02-04,105312,53.01,Normal
2017-02-05,97630,53.01,Normal
2017-02-06,84557,53.01,Normal
2017-02-07,83402,52.19,Normal
2017-02-08,83891,52.37,Normal
2017-02-09,77382,52.99,Normal
2017-02-10,86359,53.84,Normal
2017-02-11,97213,52.96,Normal
2017-02-12,93429,52.96,Normal
2017-02-13,93688,52.96,Normal
2017-02-14,99371,53.21,Normal
2017-02-15,80501,53.11,Normal
2017-02-16,77887,53.41,Normal
2017-02-17,84398,53.41,Normal
2017-02-18,101410,54.02,Normal
2017-02-19,81949,54.02,Normal
2017-02-20,79470,54.02,Normal
2017-02-21,79807,54.02,Normal
2017-02-22,79788,53.61,Normal
2017-02-23,82795,54.48,Normal
2017-02-24,89170,53.99,Normal
2017-02-25,101255,54.04,Normal
2017-02-26,80860,54.04,Normal
2017-02-27,79336,54.04,Holiday
2017-02-28,87904,54.0,Holiday
2017-03-01,89799,53.82,Normal
2017-03-02,86294,52.63,Holiday
2017-03-03,89211,53.33,Normal
2017-03-04,103055,53.19,Normal
2017-03-05,97988,53.19,Normal
2017-03-06,82584,53.19,Normal
2017-03-07,82315,52.68,Normal
2017-03-08,86740,49.83,Normal
2017-03-09,76926,48.75,Normal
2017-03-10,84691,48.05,Normal
2017-03-11,97521,47.95,Normal
2017-03-12,95842,47.95,Normal
2017-03-13,79887,47.95,Normal
2017-03-14,78200,47.24,Normal
2017-03-15,84574,48.34,Normal
2017-03-16,79030,48.3,Normal
2017-03-17,87303,48.34,Normal
2017-03-18,99094,47.79,Normal
2017-03-19,96738,47.79,Normal
2017-03-20,85005,47.79,Normal
2017-03-21,81716,47.02,Normal
2017-03-22,80140,47.29,Normal
2017-03-23,77989,47.0,Normal
2017-03-24,83314,47.3,Normal
2017-03-25,99235,47.02,Normal
2017-03-26,92660,47.02,Normal
2017-03-27,80872,47.02,Normal
2017-03-28,77666,48.36,Normal
2017-03-29,81918,49.47,Normal
2017-03-30,75304,50.3,Normal
2017-03-31,87034,50.54,Normal
2017-04-01,113083,50.25,Holiday
2017-04-02,94696,50.25,Normal
2017-04-03,81294,50.25,Normal
2017-04-04,84872,50.99,Normal
2017-04-05,85255,51.14,Normal
2017-04-06,80775,51.69,Normal
2017-04-07,85781,52.25,Normal
2017-04-08,98033,53.06,Normal
2017-04-09,94617,53.06,Normal
2017-04-10,81868,53.06,Normal
2017-04-11,84105,53.38,Normal
2017-04-12,84052,53.12,Holiday
2017-04-13,90752,53.19,Transfer
2017-04-14,86517,52.62,Holiday
2017-04-14,86517,52.62,Holiday
2017-04-15,97165,52.62,Normal
2017-04-16,90664,52.62,Normal
2017-04-17,83043,52.62,Normal
2017-04-18,80334,52.46,Normal
2017-04-19,78999,50.49,Normal
2017-04-20,82905,50.26,Normal
2017-04-21,90055,49.64,Holiday
2017-04-22,101125,48.9,Normal
2017-04-23,101186,48.9,Normal
2017-04-24,81901,48.9,Normal
2017-04-25,82193,49.22,Normal
2017-04-26,84709,49.22,Normal
2017-04-27,78971,48.96,Normal
2017-04-28,87474,49.31,Normal
2017-04-29,104870,48.83,Normal
2017-04-30,96514,48.83,Normal
2017-05-01,106440,48.83,Holiday
2017-05-02,88668,47.65,Normal
2017-05-03,89713,47.79,Normal
2017-05-04,81957,45.55,Normal
2017-05-05,85333,46.23,Normal
2017-05-06,104203,46.46,Normal
2017-05-07,103210,46.46,Normal
2017-05-08,84221,46.46,Normal
2017-05-09,82345,45.84,Normal
2017-05-10,83637,47.28,Normal
2017-05-11,81476,47.81,Normal
2017-05-12,91482,47.83,Holiday
2017-05-13,121889,48.86,Additional
2017-05-14,101257,48.86,Event
2017-05-15,83716,48.86,Normal
2017-05-16,85528,48.64,Normal
2017-05-17,85560,49.04,Normal
2017-05-18,77561,49.36,Normal
2017-05-19,86286,50.32,Normal
2017-05-20,101709,50.81,Normal
2017-05-21,101626,50.81,Normal
2017-05-22,84049,50.81,Normal
2017-05-23,82008,51.12,Normal
2017-05-24,81879,50.99,Holiday
2017-05-25,78501,48.57,Normal
2017-05-26,96455,49.58,Transfer
2017-05-27,96509,49.63,Normal
2017-05-28,94970,49.63,Normal
2017-05-29,83121,49.63,Normal
2017-05-30,83210,49.63,Normal
2017-05-31,93365,48.29,Normal
2017-06-01,90171,48.32,Normal
2017-06-02,91840,47.68,Normal
2017-06-03,106965,47.4,Normal
2017-06-04,106972,47.4,Normal
2017-06-05,88273,47.4,Normal
2017-06-06,84447,48.13,Normal
2017-06-07,85758,45.8,Normal
2017-06-08,78500,45.68,Normal
2017-06-09,87431,45.82,Normal
2017-06-10,99716,46.1,Normal
2017-06-11,100856,46.1,Normal
2017-06-12,81080,46.1,Normal
2017-06-13,81063,46.41,Normal
2017-06-14,82752,44.79,Normal
2017-06-15,81831,44.47,Normal
2017-06-16,92852,44.73,Normal
2017-06-17,114201,44.24,Normal
2017-06-18,99193,44.24,Normal
2017-06-19,82891,44.24,Normal
2017-06-20,83508,43.34,Normal
2017-06-21,82929,42.48,Normal
2017-06-22,77639,42.53,Normal
2017-06-23,86346,42.86,Holiday
2017-06-24,99057,43.24,Normal
2017-06-25,95082,43.24,Holiday
2017-06-25,95082,43.24,Holiday
2017-06-25,95082,43.24,Holiday
2017-06-26,81443,43.24,Normal
2017-06-27,79226,44.25,Normal
2017-06-28,80551,44.74,Normal
2017-06-29,77922,44.88,Normal
2017-06-30,88368,46.02,Normal
2017-07-01,108993,45.11,Normal
2017-07-02,104392,45.11,Normal
2017-07-03,90976,45.11,Holiday
2017-07-03,90976,45.11,Holiday
2017-07-04,89109,45.11,Normal
2017-07-05,89085,45.11,Normal
2017-07-06,82927,45.52,Normal
2017-07-07,89467,44.25,Normal
2017-07-08,101349,44.4,Normal
2017-07-09,97757,44.4,Normal
2017-07-10,85547,44.4,Normal
2017-07-11,83071,45.06,Normal
2017-07-12,84155,45.48,Normal
2017-07-13,78720,46.06,Normal
2017-07-14,87671,46.53,Normal
2017-07-15,100293,46.02,Normal
2017-07-16,96119,46.02,Normal
2017-07-17,85477,46.02,Normal
2017-07-18,82267,46.4,Normal
2017-07-19,83265,47.1,Normal
2017-07-20,82423,46.73,Normal
2017-07-21,88613,45.78,Normal
2017-07-22,97358,46.21,Normal
2017-07-23,94170,46.21,Holiday
2017-07-24,85120,46.21,Additional
2017-07-25,81930,47.77,Additional
2017-07-26,82113,48.58,Normal
2017-07-27,78743,49.05,Normal
2017-07-28,89197,49.72,Normal
2017-07-29,100227,50.21,Normal
2017-07-30,94899,50.21,Normal
2017-07-31,88593,50.21,Normal
2017-08-01,92083,49.19,Normal
2017-08-02,93023,49.6,Normal
2017-08-03,85521,49.03,Normal
2017-08-04,91305,49.57,Normal
2017-08-05,101108,49.37,Holiday
2017-08-06,96162,49.37,Normal
2017-08-07,87072,49.37,Normal
2017-08-08,83422,49.07,Normal
2017-08-09,85452,49.59,Normal
2017-08-10,83064,48.54,Holiday
2017-08-11,89551,48.81,Transfer
2017-08-12,89927,47.59,Normal
2017-08-13,85993,47.59,Normal
2017-08-14,85448,47.59,Normal
2017-08-15,86561,47.57,Holiday
